{"samples":781,"features":41,"_runtime":0,"R2":0.008207438383011412,"model":"Ridge","RMSE":15033.887519963097,"MAE":9733.766110940976,"_step":0,"_wandb":{"runtime":0},"_timestamp":1.7619924218599582e+09}